URL,Price,Area,Bedrooms,Bathrooms
https://sa.aqar.fmhttps://sa.aqar.fm/%D8%B4%D9%82%D9%82-%D9%84%D9%84%D8%A5%D9%8A%D8%AC%D8%A7%D8%B1/%D8%A7%D9%84%D8%B1%D9%8A%D8%A7%D8%B6/%D8%B4%D9%85%D8%A7%D9%84-%D8%A7%D9%84%D8%B1%D9%8A%D8%A7%D8%B6/%D8%AD%D9%8A-%D8%A7%D9%84%D9%86%D8%B1%D8%AC%D8%B3/%D8%B4%D8%A7%D8%B1%D8%B9-%D9%85%D8%AD%D9%85%D8%AF-%D8%A8%D9%86-%D8%B5%D8%A7%D8%B9%D8%AF-%D8%AD%D9%8A-%D8%A7%D9%84%D9%86%D8%B1%D8%AC%D8%B3-%D9%85%D8%AF%D9%8A%D9%86%D8%A9-%D8%A7%D9%84%D8%B1%D9%8A%D8%A7%D8%B6-%D9%85%D9%86%D8%B7%D9%82%D8%A9-%D8%A7%D9%84%D8%B1%D9%8A%D8%A7%D8%B6-6276495,"70,000",709,3,3
https://sa.aqar.fmhttps://sa.aqar.fm/%D8%B4%D9%82%D9%82-%D9%84%D9%84%D8%A5%D9%8A%D8%AC%D8%A7%D8%B1/%D8%A7%D9%84%D8%B1%D9%8A%D8%A7%D8%B6/%D8%B4%D9%85%D8%A7%D9%84-%D8%A7%D9%84%D8%B1%D9%8A%D8%A7%D8%B6/%D8%AD%D9%8A-%D8%A7%D9%84%D9%86%D8%B1%D8%AC%D8%B3/%D8%B4%D8%A7%D8%B1%D8%B9-%D8%A8%D8%B4%D8%A8%D8%B1-%D8%A7%D9%84%D8%A8%D8%B5%D8%B1%D9%8A-%D8%AD%D9%8A-%D8%A7%D9%84%D9%86%D8%B1%D8%AC%D8%B3-%D9%85%D8%AF%D9%8A%D9%86%D8%A9-%D8%A7%D9%84%D8%B1%D9%8A%D8%A7%D8%B6-%D9%85%D9%86%D8%B7%D9%82%D8%A9-%D8%A7%D9%84%D8%B1%D9%8A%D8%A7%D8%B6-6259197,"60,000",114,3,2
https://sa.aqar.fmhttps://sa.aqar.fm/%D8%B4%D9%82%D9%82-%D9%84%D9%84%D8%A5%D9%8A%D8%AC%D8%A7%D8%B1/%D8%A7%D9%84%D8%B1%D9%8A%D8%A7%D8%B6/%D8%B4%D9%85%D8%A7%D9%84-%D8%A7%D9%84%D8%B1%D9%8A%D8%A7%D8%B6/%D8%AD%D9%8A-%D8%A7%D9%84%D9%86%D8%B1%D8%AC%D8%B3/%D8%B4%D8%A7%D8%B1%D8%B9-%D8%A7%D9%84%D9%81%D8%B6%D8%A7%D8%A6%D9%84-%D8%AD%D9%8A-%D8%A7%D9%84%D9%86%D8%B1%D8%AC%D8%B3-%D9%85%D8%AF%D9%8A%D9%86%D8%A9-%D8%A7%D9%84%D8%B1%D9%8A%D8%A7%D8%B6-%D9%85%D9%86%D8%B7%D9%82%D8%A9-%D8%A7%D9%84%D8%B1%D9%8A%D8%A7%D8%B6-6252915,"80,000",120,3,
https://sa.aqar.fmhttps://sa.aqar.fm/%D8%B4%D9%82%D9%82-%D9%84%D9%84%D8%A5%D9%8A%D8%AC%D8%A7%D8%B1/%D8%A7%D9%84%D8%B1%D9%8A%D8%A7%D8%B6/%D8%B4%D9%85%D8%A7%D9%84-%D8%A7%D9%84%D8%B1%D9%8A%D8%A7%D8%B6/%D8%AD%D9%8A-%D8%A7%D9%84%D9%86%D8%B1%D8%AC%D8%B3/%D8%B4%D8%A7%D8%B1%D8%B9-%D8%A7%D9%84%D9%81%D8%B6%D8%A7%D8%A6%D9%84-%D8%AD%D9%8A-%D8%A7%D9%84%D9%86%D8%B1%D8%AC%D8%B3-%D9%85%D8%AF%D9%8A%D9%86%D8%A9-%D8%A7%D9%84%D8%B1%D9%8A%D8%A7%D8%B6-%D9%85%D9%86%D8%B7%D9%82%D8%A9-%D8%A7%D9%84%D8%B1%D9%8A%D8%A7%D8%B6-6266791,"80,000",133,3,
https://sa.aqar.fmhttps://sa.aqar.fm/%D8%B4%D9%82%D9%82-%D9%84%D9%84%D8%A5%D9%8A%D8%AC%D8%A7%D8%B1/%D8%A7%D9%84%D8%B1%D9%8A%D8%A7%D8%B6/%D8%B4%D9%85%D8%A7%D9%84-%D8%A7%D9%84%D8%B1%D9%8A%D8%A7%D8%B6/%D8%AD%D9%8A-%D8%A7%D9%84%D9%86%D8%B1%D8%AC%D8%B3/%D8%B4%D8%A7%D8%B1%D8%B9-%D8%A7%D9%84%D9%81%D8%B6%D8%A7%D8%A6%D9%84-%D8%AD%D9%8A-%D8%A7%D9%84%D9%86%D8%B1%D8%AC%D8%B3-%D9%85%D8%AF%D9%8A%D9%86%D8%A9-%D8%A7%D9%84%D8%B1%D9%8A%D8%A7%D8%B6-%D9%85%D9%86%D8%B7%D9%82%D8%A9-%D8%A7%D9%84%D8%B1%D9%8A%D8%A7%D8%B6-6252980,"80,000",103,3,
https://sa.aqar.fmhttps://sa.aqar.fm/%D8%B4%D9%82%D9%82-%D9%84%D9%84%D8%A5%D9%8A%D8%AC%D8%A7%D8%B1/%D8%A7%D9%84%D8%B1%D9%8A%D8%A7%D8%B6/%D8%B4%D9%85%D8%A7%D9%84-%D8%A7%D9%84%D8%B1%D9%8A%D8%A7%D8%B6/%D8%AD%D9%8A-%D8%A7%D9%84%D9%86%D8%B1%D8%AC%D8%B3/%D8%B4%D8%A7%D8%B1%D8%B9-%D8%B3%D9%84%D9%8A%D9%85%D8%A7%D9%86-%D8%A8%D9%86-%D8%AD%D9%85%D8%B2%D8%A9-%D8%AD%D9%8A-%D8%A7%D9%84%D9%86%D8%B1%D8%AC%D8%B3-%D9%85%D8%AF%D9%8A%D9%86%D8%A9-%D8%A7%D9%84%D8%B1%D9%8A%D8%A7%D8%B6-%D9%85%D9%86%D8%B7%D9%82%D8%A9-%D8%A7%D9%84%D8%B1%D9%8A%D8%A7%D8%B6-6251068,"75,000",114,3,
https://sa.aqar.fmhttps://sa.aqar.fm/%D8%B4%D9%82%D9%82-%D9%84%D9%84%D8%A5%D9%8A%D8%AC%D8%A7%D8%B1/%D8%A7%D9%84%D8%B1%D9%8A%D8%A7%D8%B6/%D8%B4%D9%85%D8%A7%D9%84-%D8%A7%D9%84%D8%B1%D9%8A%D8%A7%D8%B6/%D8%AD%D9%8A-%D8%A7%D9%84%D9%86%D8%B1%D8%AC%D8%B3/%D8%B4%D8%A7%D8%B1%D8%B9-%D8%B2%D9%8A%D8%AF-%D8%A8%D9%86-%D8%B9%D8%A7%D8%B5%D9%85-%D8%A8%D9%86-%D8%B9%D9%85%D8%B1%D9%88-%D8%A8%D9%86-%D8%B9%D9%88%D9%81-%D8%AD%D9%8A-%D8%A7%D9%84%D9%86%D8%B1%D8%AC%D8%B3-%D9%85%D8%AF%D9%8A%D9%86%D8%A9-%D8%A7%D9%84%D8%B1%D9%8A%D8%A7%D8%B6-%D9%85%D9%86%D8%B7%D9%82%D8%A9-%D8%A7%D9%84%D8%B1%D9%8A%D8%A7%D8%B6-6168258,"75,000",123,3,3
https://sa.aqar.fmhttps://sa.aqar.fm/%D8%B4%D9%82%D9%82-%D9%84%D9%84%D8%A5%D9%8A%D8%AC%D8%A7%D8%B1/%D8%A7%D9%84%D8%B1%D9%8A%D8%A7%D8%B6/%D8%B4%D9%85%D8%A7%D9%84-%D8%A7%D9%84%D8%B1%D9%8A%D8%A7%D8%B6/%D8%AD%D9%8A-%D8%A7%D9%84%D9%86%D8%B1%D8%AC%D8%B3/%D8%B4%D8%A7%D8%B1%D8%B9-%D8%A3%D8%AD%D9%85%D8%AF-%D8%A7%D9%84%D8%AB%D8%B9%D9%84%D8%A8%D9%8A-%D8%AD%D9%8A-%D8%A7%D9%84%D9%86%D8%B1%D8%AC%D8%B3-%D9%85%D8%AF%D9%8A%D9%86%D8%A9-%D8%A7%D9%84%D8%B1%D9%8A%D8%A7%D8%B6-%D9%85%D9%86%D8%B7%D9%82%D8%A9-%D8%A7%D9%84%D8%B1%D9%8A%D8%A7%D8%B6-6172962,"120,000",158,3,
https://sa.aqar.fmhttps://sa.aqar.fm/%D8%B4%D9%82%D9%82-%D9%84%D9%84%D8%A5%D9%8A%D8%AC%D8%A7%D8%B1/%D8%A7%D9%84%D8%B1%D9%8A%D8%A7%D8%B6/%D8%B4%D9%85%D8%A7%D9%84-%D8%A7%D9%84%D8%B1%D9%8A%D8%A7%D8%B6/%D8%AD%D9%8A-%D8%A7%D9%84%D9%86%D8%B1%D8%AC%D8%B3/%D8%B4%D8%A7%D8%B1%D8%B9-%D8%AE%D8%A7%D9%84%D8%AF-%D8%A8%D9%86-%D8%A7%D9%84%D8%B9%D8%A7%D8%B5-%D8%AD%D9%8A-%D8%A7%D9%84%D9%86%D8%B1%D8%AC%D8%B3-%D9%85%D8%AF%D9%8A%D9%86%D8%A9-%D8%A7%D9%84%D8%B1%D9%8A%D8%A7%D8%B6-%D9%85%D9%86%D8%B7%D9%82%D8%A9-%D8%A7%D9%84%D8%B1%D9%8A%D8%A7%D8%B6-6288474,"65,000",136,3,3
https://sa.aqar.fmhttps://sa.aqar.fm/%D8%B4%D9%82%D9%82-%D9%84%D9%84%D8%A5%D9%8A%D8%AC%D8%A7%D8%B1/%D8%A7%D9%84%D8%B1%D9%8A%D8%A7%D8%B6/%D8%B4%D9%85%D8%A7%D9%84-%D8%A7%D9%84%D8%B1%D9%8A%D8%A7%D8%B6/%D8%AD%D9%8A-%D8%A7%D9%84%D9%86%D8%B1%D8%AC%D8%B3/%D8%B4%D8%A7%D8%B1%D8%B9-%D8%B9%D8%A8%D8%AF%D8%A7%D9%84%D8%B1%D8%AD%D9%85%D9%86-%D8%A7%D9%84%D9%85%D9%82%D8%AF%D8%B3%D9%8A-%D8%AD%D9%8A-%D8%A7%D9%84%D9%86%D8%B1%D8%AC%D8%B3-%D9%85%D8%AF%D9%8A%D9%86%D8%A9-%D8%A7%D9%84%D8%B1%D9%8A%D8%A7%D8%B6-%D9%85%D9%86%D8%B7%D9%82%D8%A9-%D8%A7%D9%84%D8%B1%D9%8A%D8%A7%D8%B6-6180393,"65,000",123,3,3
https://sa.aqar.fmhttps://sa.aqar.fm/%D8%B4%D9%82%D9%82-%D9%84%D9%84%D8%A5%D9%8A%D8%AC%D8%A7%D8%B1/%D8%A7%D9%84%D8%B1%D9%8A%D8%A7%D8%B6/%D8%B4%D9%85%D8%A7%D9%84-%D8%A7%D9%84%D8%B1%D9%8A%D8%A7%D8%B6/%D8%AD%D9%8A-%D8%A7%D9%84%D9%86%D8%B1%D8%AC%D8%B3/%D8%B4%D8%A7%D8%B1%D8%B9-%D8%A7%D9%84%D8%B7%D8%A8%D9%8A%D8%B9%D8%A9-%D8%AD%D9%8A-%D8%A7%D9%84%D9%86%D8%B1%D8%AC%D8%B3-%D9%85%D8%AF%D9%8A%D9%86%D8%A9-%D8%A7%D9%84%D8%B1%D9%8A%D8%A7%D8%B6-%D9%85%D9%86%D8%B7%D9%82%D8%A9-%D8%A7%D9%84%D8%B1%D9%8A%D8%A7%D8%B6-6262510,"70,000",145,3,
https://sa.aqar.fmhttps://sa.aqar.fm/%D8%B4%D9%82%D9%82-%D9%84%D9%84%D8%A5%D9%8A%D8%AC%D8%A7%D8%B1/%D8%A7%D9%84%D8%B1%D9%8A%D8%A7%D8%B6/%D8%B4%D9%85%D8%A7%D9%84-%D8%A7%D9%84%D8%B1%D9%8A%D8%A7%D8%B6/%D8%AD%D9%8A-%D8%A7%D9%84%D9%86%D8%B1%D8%AC%D8%B3/%D8%B4%D8%A7%D8%B1%D8%B9-%D8%A3%D8%AD%D9%85%D8%AF-%D8%A7%D9%84%D8%AB%D8%B9%D9%84%D8%A8%D9%8A-%D8%AD%D9%8A-%D8%A7%D9%84%D9%86%D8%B1%D8%AC%D8%B3-%D9%85%D8%AF%D9%8A%D9%86%D8%A9-%D8%A7%D9%84%D8%B1%D9%8A%D8%A7%D8%B6-%D9%85%D9%86%D8%B7%D9%82%D8%A9-%D8%A7%D9%84%D8%B1%D9%8A%D8%A7%D8%B6-6285987,"100,000",158,3,3
https://sa.aqar.fmhttps://sa.aqar.fm/%D8%B4%D9%82%D9%82-%D9%84%D9%84%D8%A5%D9%8A%D8%AC%D8%A7%D8%B1/%D8%A7%D9%84%D8%B1%D9%8A%D8%A7%D8%B6/%D8%B4%D9%85%D8%A7%D9%84-%D8%A7%D9%84%D8%B1%D9%8A%D8%A7%D8%B6/%D8%AD%D9%8A-%D8%A7%D9%84%D9%86%D8%B1%D8%AC%D8%B3/%D8%B4%D8%A7%D8%B1%D8%B9-%D8%A7%D9%84%D8%B1%D8%A8%D9%8A%D8%B9-%D8%AD%D9%8A-%D8%A7%D9%84%D9%86%D8%B1%D8%AC%D8%B3-%D9%85%D8%AF%D9%8A%D9%86%D8%A9-%D8%A7%D9%84%D8%B1%D9%8A%D8%A7%D8%B6-%D9%85%D9%86%D8%B7%D9%82%D8%A9-%D8%A7%D9%84%D8%B1%D9%8A%D8%A7%D8%B6-6287626,"75,000",129,3,3
https://sa.aqar.fmhttps://sa.aqar.fm/%D8%B4%D9%82%D9%82-%D9%84%D9%84%D8%A5%D9%8A%D8%AC%D8%A7%D8%B1/%D8%A7%D9%84%D8%B1%D9%8A%D8%A7%D8%B6/%D8%B4%D9%85%D8%A7%D9%84-%D8%A7%D9%84%D8%B1%D9%8A%D8%A7%D8%B6/%D8%AD%D9%8A-%D8%A7%D9%84%D9%86%D8%B1%D8%AC%D8%B3/%D8%B4%D8%A7%D8%B1%D8%B9-%D8%A7%D9%84%D8%B4%D8%B1%D9%82-%D8%AD%D9%8A-%D8%A7%D9%84%D9%86%D8%B1%D8%AC%D8%B3-%D9%85%D8%AF%D9%8A%D9%86%D8%A9-%D8%A7%D9%84%D8%B1%D9%8A%D8%A7%D8%B6-%D9%85%D9%86%D8%B7%D9%82%D8%A9-%D8%A7%D9%84%D8%B1%D9%8A%D8%A7%D8%B6-6204531,"70,000",118,3,3
https://sa.aqar.fmhttps://sa.aqar.fm/%D8%B4%D9%82%D9%82-%D9%84%D9%84%D8%A5%D9%8A%D8%AC%D8%A7%D8%B1/%D8%A7%D9%84%D8%B1%D9%8A%D8%A7%D8%B6/%D8%B4%D9%85%D8%A7%D9%84-%D8%A7%D9%84%D8%B1%D9%8A%D8%A7%D8%B6/%D8%AD%D9%8A-%D8%A7%D9%84%D9%86%D8%B1%D8%AC%D8%B3/%D8%B4%D8%A7%D8%B1%D8%B9-%D9%85%D8%AD%D9%85%D8%AF-%D8%A8%D9%86-%D8%A7%D9%84%D9%85%D9%87%D8%AA%D8%AF%D9%8A-%D8%AD%D9%8A-%D8%A7%D9%84%D9%86%D8%B1%D8%AC%D8%B3-%D9%85%D8%AF%D9%8A%D9%86%D8%A9-%D8%A7%D9%84%D8%B1%D9%8A%D8%A7%D8%B6-%D9%85%D9%86%D8%B7%D9%82%D8%A9-%D8%A7%D9%84%D8%B1%D9%8A%D8%A7%D8%B6-6279403,"52,000",495,3,
https://sa.aqar.fmhttps://sa.aqar.fm/%D8%B4%D9%82%D9%82-%D9%84%D9%84%D8%A5%D9%8A%D8%AC%D8%A7%D8%B1/%D8%A7%D9%84%D8%B1%D9%8A%D8%A7%D8%B6/%D8%B4%D9%85%D8%A7%D9%84-%D8%A7%D9%84%D8%B1%D9%8A%D8%A7%D8%B6/%D8%AD%D9%8A-%D8%A7%D9%84%D9%86%D8%B1%D8%AC%D8%B3/%D8%B4%D8%A7%D8%B1%D8%B9-%D8%B1%D9%82%D9%85-349-%D8%AD%D9%8A-%D8%A7%D9%84%D9%86%D8%B1%D8%AC%D8%B3-%D9%85%D8%AF%D9%8A%D9%86%D8%A9-%D8%A7%D9%84%D8%B1%D9%8A%D8%A7%D8%B6-%D9%85%D9%86%D8%B7%D9%82%D8%A9-%D8%A7%D9%84%D8%B1%D9%8A%D8%A7%D8%B6-6260889,"60,000",384,3,
https://sa.aqar.fmhttps://sa.aqar.fm/%D8%B4%D9%82%D9%82-%D9%84%D9%84%D8%A5%D9%8A%D8%AC%D8%A7%D8%B1/%D8%A7%D9%84%D8%B1%D9%8A%D8%A7%D8%B6/%D8%B4%D9%85%D8%A7%D9%84-%D8%A7%D9%84%D8%B1%D9%8A%D8%A7%D8%B6/%D8%AD%D9%8A-%D8%A7%D9%84%D9%86%D8%B1%D8%AC%D8%B3/%D8%B4%D8%A7%D8%B1%D8%B9-%D8%B9%D8%A8%D8%AF%D8%A7%D9%84%D9%84%D9%87-%D8%A8%D9%86-%D8%A7%D9%84%D8%AE%D8%B7%D9%8A%D8%A8-%D8%AD%D9%8A-%D8%A7%D9%84%D9%86%D8%B1%D8%AC%D8%B3-%D9%85%D8%AF%D9%8A%D9%86%D8%A9-%D8%A7%D9%84%D8%B1%D9%8A%D8%A7%D8%B6-%D9%85%D9%86%D8%B7%D9%82%D8%A9-%D8%A7%D9%84%D8%B1%D9%8A%D8%A7%D8%B6-6271418,"75,000",612,3,2
https://sa.aqar.fmhttps://sa.aqar.fm/%D8%B4%D9%82%D9%82-%D9%84%D9%84%D8%A5%D9%8A%D8%AC%D8%A7%D8%B1/%D8%A7%D9%84%D8%B1%D9%8A%D8%A7%D8%B6/%D8%B4%D9%85%D8%A7%D9%84-%D8%A7%D9%84%D8%B1%D9%8A%D8%A7%D8%B6/%D8%AD%D9%8A-%D8%A7%D9%84%D9%86%D8%B1%D8%AC%D8%B3/%D8%AD%D9%8A-%D8%A7%D9%84%D9%86%D8%B1%D8%AC%D8%B3-%D9%85%D8%AF%D9%8A%D9%86%D8%A9-%D8%A7%D9%84%D8%B1%D9%8A%D8%A7%D8%B6-%D9%85%D9%86%D8%B7%D9%82%D8%A9-%D8%A7%D9%84%D8%B1%D9%8A%D8%A7%D8%B6-6268864,"65,000",136,3,
https://sa.aqar.fmhttps://sa.aqar.fm/%D8%B4%D9%82%D9%82-%D9%84%D9%84%D8%A5%D9%8A%D8%AC%D8%A7%D8%B1/%D8%A7%D9%84%D8%B1%D9%8A%D8%A7%D8%B6/%D8%B4%D9%85%D8%A7%D9%84-%D8%A7%D9%84%D8%B1%D9%8A%D8%A7%D8%B6/%D8%AD%D9%8A-%D8%A7%D9%84%D9%86%D8%B1%D8%AC%D8%B3/%D8%B4%D8%A7%D8%B1%D8%B9-%D8%B9%D9%84%D9%82%D9%85%D9%87-%D8%A8%D9%86-%D9%88%D8%A7%D8%A6%D9%84-%D8%AD%D9%8A-%D8%A7%D9%84%D9%86%D8%B1%D8%AC%D8%B3-%D9%85%D8%AF%D9%8A%D9%86%D8%A9-%D8%A7%D9%84%D8%B1%D9%8A%D8%A7%D8%B6-%D9%85%D9%86%D8%B7%D9%82%D8%A9-%D8%A7%D9%84%D8%B1%D9%8A%D8%A7%D8%B6-6278170,"70,000",116,3,3
https://sa.aqar.fmhttps://sa.aqar.fm/%D8%B4%D9%82%D9%82-%D9%84%D9%84%D8%A5%D9%8A%D8%AC%D8%A7%D8%B1/%D8%A7%D9%84%D8%B1%D9%8A%D8%A7%D8%B6/%D8%B4%D9%85%D8%A7%D9%84-%D8%A7%D9%84%D8%B1%D9%8A%D8%A7%D8%B6/%D8%AD%D9%8A-%D8%A7%D9%84%D9%86%D8%B1%D8%AC%D8%B3/%D8%B4%D8%A7%D8%B1%D8%B9-%D8%B1%D9%82%D9%85-502-%D8%AD%D9%8A-%D8%A7%D9%84%D9%86%D8%B1%D8%AC%D8%B3-%D9%85%D8%AF%D9%8A%D9%86%D8%A9-%D8%A7%D9%84%D8%B1%D9%8A%D8%A7%D8%B6-%D9%85%D9%86%D8%B7%D9%82%D8%A9-%D8%A7%D9%84%D8%B1%D9%8A%D8%A7%D8%B6-6217094,"52,000",450,3,3
https://sa.aqar.fmhttps://sa.aqar.fm/%D8%B4%D9%82%D9%82-%D9%84%D9%84%D8%A5%D9%8A%D8%AC%D8%A7%D8%B1/%D8%A7%D9%84%D8%B1%D9%8A%D8%A7%D8%B6/%D8%B4%D9%85%D8%A7%D9%84-%D8%A7%D9%84%D8%B1%D9%8A%D8%A7%D8%B6/%D8%AD%D9%8A-%D8%A7%D9%84%D9%86%D8%B1%D8%AC%D8%B3/%D8%B4%D8%A7%D8%B1%D8%B9-%D8%A8%D8%B4%D9%8A%D8%B1-%D8%A7%D9%84%D8%A8%D8%B5%D8%B1%D9%8A-%D8%AD%D9%8A-%D8%A7%D9%84%D9%86%D8%B1%D8%AC%D8%B3-%D9%85%D8%AF%D9%8A%D9%86%D8%A9-%D8%A7%D9%84%D8%B1%D9%8A%D8%A7%D8%B6-%D9%85%D9%86%D8%B7%D9%82%D8%A9-%D8%A7%D9%84%D8%B1%D9%8A%D8%A7%D8%B6-6238603,"65,000",114,3,3
https://sa.aqar.fmhttps://sa.aqar.fm/%D8%B4%D9%82%D9%82-%D9%84%D9%84%D8%A5%D9%8A%D8%AC%D8%A7%D8%B1/%D8%A7%D9%84%D8%B1%D9%8A%D8%A7%D8%B6/%D8%B4%D9%85%D8%A7%D9%84-%D8%A7%D9%84%D8%B1%D9%8A%D8%A7%D8%B6/%D8%AD%D9%8A-%D8%A7%D9%84%D9%86%D8%B1%D8%AC%D8%B3/%D8%B4%D8%A7%D8%B1%D8%B9-%D8%A7%D9%84%D8%A3%D9%85%D9%8A%D9%86-%D8%A7%D9%84%D9%85%D9%87%D9%86%D8%AF%D8%B3-%D8%B9%D8%A8%D8%AF%D8%A7%D9%84%D9%84%D9%87-%D8%A8%D9%86-%D8%B9%D8%A8%D8%AF%D8%A7%D9%84%D8%B1%D8%AD%D9%85%D9%86-%D8%A7-%D8%AD%D9%8A-%D8%A7%D9%84%D9%86%D8%B1%D8%AC%D8%B3-%D9%85%D8%AF%D9%8A%D9%86%D8%A9-%D8%A7%D9%84%D8%B1%D9%8A%D8%A7%D8%B6-%D9%85%D9%86%D8%B7%D9%82%D8%A9-%D8%A7%D9%84%D8%B1%D9%8A%D8%A7%D8%B6-6284523,"100,000",114,3,3
https://sa.aqar.fmhttps://sa.aqar.fm/%D8%B4%D9%82%D9%82-%D9%84%D9%84%D8%A5%D9%8A%D8%AC%D8%A7%D8%B1/%D8%A7%D9%84%D8%B1%D9%8A%D8%A7%D8%B6/%D8%B4%D9%85%D8%A7%D9%84-%D8%A7%D9%84%D8%B1%D9%8A%D8%A7%D8%B6/%D8%AD%D9%8A-%D8%A7%D9%84%D9%86%D8%B1%D8%AC%D8%B3/%D8%B4%D8%A7%D8%B1%D8%B9-%D8%B4%D8%B9%D9%8A%D8%A8-%D8%A8%D9%86-%D8%A3%D8%A8%D9%8A-%D9%85%D8%B1%D8%A9-%D8%AD%D9%8A-%D8%A7%D9%84%D9%86%D8%B1%D8%AC%D8%B3-%D9%85%D8%AF%D9%8A%D9%86%D8%A9-%D8%A7%D9%84%D8%B1%D9%8A%D8%A7%D8%B6-%D9%85%D9%86%D8%B7%D9%82%D8%A9-%D8%A7%D9%84%D8%B1%D9%8A%D8%A7%D8%B6-6204259,"75,000",152,3,3
https://sa.aqar.fmhttps://sa.aqar.fm/%D8%B4%D9%82%D9%82-%D9%84%D9%84%D8%A5%D9%8A%D8%AC%D8%A7%D8%B1/%D8%A7%D9%84%D8%B1%D9%8A%D8%A7%D8%B6/%D8%B4%D9%85%D8%A7%D9%84-%D8%A7%D9%84%D8%B1%D9%8A%D8%A7%D8%B6/%D8%AD%D9%8A-%D8%A7%D9%84%D9%86%D8%B1%D8%AC%D8%B3/%D8%B4%D8%A7%D8%B1%D8%B9-%D8%A7%D9%84%D8%B4%D8%B1%D9%82-%D8%AD%D9%8A-%D8%A7%D9%84%D9%86%D8%B1%D8%AC%D8%B3-%D9%85%D8%AF%D9%8A%D9%86%D8%A9-%D8%A7%D9%84%D8%B1%D9%8A%D8%A7%D8%B6-%D9%85%D9%86%D8%B7%D9%82%D8%A9-%D8%A7%D9%84%D8%B1%D9%8A%D8%A7%D8%B6-6117649,"75,000",139,3,
https://sa.aqar.fmhttps://sa.aqar.fm/%D8%B4%D9%82%D9%82-%D9%84%D9%84%D8%A5%D9%8A%D8%AC%D8%A7%D8%B1/%D8%A7%D9%84%D8%B1%D9%8A%D8%A7%D8%B6/%D8%B4%D9%85%D8%A7%D9%84-%D8%A7%D9%84%D8%B1%D9%8A%D8%A7%D8%B6/%D8%AD%D9%8A-%D8%A7%D9%84%D9%86%D8%B1%D8%AC%D8%B3/%D8%B4%D8%A7%D8%B1%D8%B9-%D8%A7%D9%84%D8%B1%D8%A8%D9%8A%D8%B9-%D8%AD%D9%8A-%D8%A7%D9%84%D9%86%D8%B1%D8%AC%D8%B3-%D9%85%D8%AF%D9%8A%D9%86%D8%A9-%D8%A7%D9%84%D8%B1%D9%8A%D8%A7%D8%B6-%D9%85%D9%86%D8%B7%D9%82%D8%A9-%D8%A7%D9%84%D8%B1%D9%8A%D8%A7%D8%B6-6207893,"70,000",123,3,
https://sa.aqar.fmhttps://sa.aqar.fm/%D8%B4%D9%82%D9%82-%D9%84%D9%84%D8%A5%D9%8A%D8%AC%D8%A7%D8%B1/%D8%A7%D9%84%D8%B1%D9%8A%D8%A7%D8%B6/%D8%B4%D9%85%D8%A7%D9%84-%D8%A7%D9%84%D8%B1%D9%8A%D8%A7%D8%B6/%D8%AD%D9%8A-%D8%A7%D9%84%D9%86%D8%B1%D8%AC%D8%B3/%D8%B4%D8%A7%D8%B1%D8%B9-%D8%B9%D8%A8%D8%AF%D8%A7%D9%84%D9%85%D9%84%D9%83-%D8%A7%D9%84%D8%B9%D8%B5%D8%A7%D9%85%D9%8A-%D8%AD%D9%8A-%D8%A7%D9%84%D9%86%D8%B1%D8%AC%D8%B3-%D9%85%D8%AF%D9%8A%D9%86%D8%A9-%D8%A7%D9%84%D8%B1%D9%8A%D8%A7%D8%B6-%D9%85%D9%86%D8%B7%D9%82%D8%A9-%D8%A7%D9%84%D8%B1%D9%8A%D8%A7%D8%B6-6272262,"90,000",142,3,3
https://sa.aqar.fmhttps://sa.aqar.fm/%D8%B4%D9%82%D9%82-%D9%84%D9%84%D8%A5%D9%8A%D8%AC%D8%A7%D8%B1/%D8%A7%D9%84%D8%B1%D9%8A%D8%A7%D8%B6/%D8%B4%D9%85%D8%A7%D9%84-%D8%A7%D9%84%D8%B1%D9%8A%D8%A7%D8%B6/%D8%AD%D9%8A-%D8%A7%D9%84%D9%86%D8%B1%D8%AC%D8%B3/%D8%B4%D8%A7%D8%B1%D8%B9-%D8%A7%D9%84%D8%B1%D8%A8%D9%8A%D8%B9-%D8%AD%D9%8A-%D8%A7%D9%84%D9%86%D8%B1%D8%AC%D8%B3-%D9%85%D8%AF%D9%8A%D9%86%D8%A9-%D8%A7%D9%84%D8%B1%D9%8A%D8%A7%D8%B6-%D9%85%D9%86%D8%B7%D9%82%D8%A9-%D8%A7%D9%84%D8%B1%D9%8A%D8%A7%D8%B6-6248215,"110,000",8025,3,4
https://sa.aqar.fmhttps://sa.aqar.fm/%D8%B4%D9%82%D9%82-%D9%84%D9%84%D8%A5%D9%8A%D8%AC%D8%A7%D8%B1/%D8%A7%D9%84%D8%B1%D9%8A%D8%A7%D8%B6/%D8%B4%D9%85%D8%A7%D9%84-%D8%A7%D9%84%D8%B1%D9%8A%D8%A7%D8%B6/%D8%AD%D9%8A-%D8%A7%D9%84%D9%86%D8%B1%D8%AC%D8%B3/%D8%B4%D8%A7%D8%B1%D8%B9-%D8%A7%D9%84%D8%B1%D8%A8%D9%8A%D8%B9-%D8%AD%D9%8A-%D8%A7%D9%84%D9%86%D8%B1%D8%AC%D8%B3-%D9%85%D8%AF%D9%8A%D9%86%D8%A9-%D8%A7%D9%84%D8%B1%D9%8A%D8%A7%D8%B6-%D9%85%D9%86%D8%B7%D9%82%D8%A9-%D8%A7%D9%84%D8%B1%D9%8A%D8%A7%D8%B6-6248210,"110,000",136,3,3
https://sa.aqar.fmhttps://sa.aqar.fm/%D8%B4%D9%82%D9%82-%D9%84%D9%84%D8%A5%D9%8A%D8%AC%D8%A7%D8%B1/%D8%A7%D9%84%D8%B1%D9%8A%D8%A7%D8%B6/%D8%B4%D9%85%D8%A7%D9%84-%D8%A7%D9%84%D8%B1%D9%8A%D8%A7%D8%B6/%D8%AD%D9%8A-%D8%A7%D9%84%D9%86%D8%B1%D8%AC%D8%B3/%D8%B4%D8%A7%D8%B1%D8%B9-%D8%A3%D8%A8%D9%8A-%D8%B7%D8%A7%D9%87%D8%B1-%D8%A5%D8%B3%D9%85%D8%A7%D8%B9%D9%8A%D9%84-%D8%A7%D9%84%D8%AC%D9%8A%D8%B7%D8%A7%D9%84%D9%8A-%D8%AD%D9%8A-%D8%A7%D9%84%D9%86%D8%B1%D8%AC%D8%B3-%D9%85%D8%AF%D9%8A%D9%86%D8%A9-%D8%A7%D9%84%D8%B1%D9%8A%D8%A7%D8%B6-%D9%85%D9%86%D8%B7%D9%82%D8%A9-%D8%A7%D9%84%D8%B1%D9%8A%D8%A7%D8%B6-6245255,"75,000",99,3,3
https://sa.aqar.fmhttps://sa.aqar.fm/%D8%B4%D9%82%D9%82-%D9%84%D9%84%D8%A5%D9%8A%D8%AC%D8%A7%D8%B1/%D8%A7%D9%84%D8%B1%D9%8A%D8%A7%D8%B6/%D8%B4%D9%85%D8%A7%D9%84-%D8%A7%D9%84%D8%B1%D9%8A%D8%A7%D8%B6/%D8%AD%D9%8A-%D8%A7%D9%84%D9%86%D8%B1%D8%AC%D8%B3/%D8%B4%D8%A7%D8%B1%D8%B9-%D8%A3%D8%A8%D9%8A-%D8%B7%D8%A7%D9%87%D8%B1-%D8%A5%D8%B3%D9%85%D8%A7%D8%B9%D9%8A%D9%84-%D8%A7%D9%84%D8%AC%D9%8A%D8%B7%D8%A7%D9%84%D9%8A-%D8%AD%D9%8A-%D8%A7%D9%84%D9%86%D8%B1%D8%AC%D8%B3-%D9%85%D8%AF%D9%8A%D9%86%D8%A9-%D8%A7%D9%84%D8%B1%D9%8A%D8%A7%D8%B6-%D9%85%D9%86%D8%B7%D9%82%D8%A9-%D8%A7%D9%84%D8%B1%D9%8A%D8%A7%D8%B6-6239839,"105,000",130,3,2
https://sa.aqar.fmhttps://sa.aqar.fm/%D8%B4%D9%82%D9%82-%D9%84%D9%84%D8%A5%D9%8A%D8%AC%D8%A7%D8%B1/%D8%A7%D9%84%D8%B1%D9%8A%D8%A7%D8%B6/%D8%B4%D9%85%D8%A7%D9%84-%D8%A7%D9%84%D8%B1%D9%8A%D8%A7%D8%B6/%D8%AD%D9%8A-%D8%A7%D9%84%D9%86%D8%B1%D8%AC%D8%B3/%D8%B4%D8%A7%D8%B1%D8%B9-%D8%B2%D9%8A%D8%AF-%D8%A8%D9%86-%D8%B9%D8%A7%D8%B5%D9%85-%D8%A8%D9%86-%D8%B9%D9%85%D8%B1%D9%88-%D8%A8%D9%86-%D8%B9%D9%88%D9%81-%D8%AD%D9%8A-%D8%A7%D9%84%D9%86%D8%B1%D8%AC%D8%B3-%D9%85%D8%AF%D9%8A%D9%86%D8%A9-%D8%A7%D9%84%D8%B1%D9%8A%D8%A7%D8%B6-%D9%85%D9%86%D8%B7%D9%82%D8%A9-%D8%A7%D9%84%D8%B1%D9%8A%D8%A7%D8%B6-6237561,"100,000",101,3,3
https://sa.aqar.fmhttps://sa.aqar.fm/%D8%B4%D9%82%D9%82-%D9%84%D9%84%D8%A5%D9%8A%D8%AC%D8%A7%D8%B1/%D8%A7%D9%84%D8%B1%D9%8A%D8%A7%D8%B6/%D8%B4%D9%85%D8%A7%D9%84-%D8%A7%D9%84%D8%B1%D9%8A%D8%A7%D8%B6/%D8%AD%D9%8A-%D8%A7%D9%84%D9%86%D8%B1%D8%AC%D8%B3/%D8%B4%D8%A7%D8%B1%D8%B9-%D9%8A%D8%AF%D9%85%D9%87-%D8%AD%D9%8A-%D8%A7%D9%84%D9%86%D8%B1%D8%AC%D8%B3-%D9%85%D8%AF%D9%8A%D9%86%D8%A9-%D8%A7%D9%84%D8%B1%D9%8A%D8%A7%D8%B6-%D9%85%D9%86%D8%B7%D9%82%D8%A9-%D8%A7%D9%84%D8%B1%D9%8A%D8%A7%D8%B6-6197527,"70,000",130,3,3
https://sa.aqar.fmhttps://sa.aqar.fm/%D8%B4%D9%82%D9%82-%D9%84%D9%84%D8%A5%D9%8A%D8%AC%D8%A7%D8%B1/%D8%A7%D9%84%D8%B1%D9%8A%D8%A7%D8%B6/%D8%B4%D9%85%D8%A7%D9%84-%D8%A7%D9%84%D8%B1%D9%8A%D8%A7%D8%B6/%D8%AD%D9%8A-%D8%A7%D9%84%D9%86%D8%B1%D8%AC%D8%B3/%D8%B4%D8%A7%D8%B1%D8%B9-%D8%A7%D8%A8%D9%8A-%D8%B7%D8%A7%D9%87%D8%B1-%D8%A7%D8%B3%D9%85%D8%A7%D8%B9%D9%8A%D9%84-%D8%A7%D9%84%D8%AC%D9%8A%D8%B7%D8%A7%D9%84%D9%8A-%D8%AD%D9%8A-%D8%A7%D9%84%D9%86%D8%B1%D8%AC%D8%B3-%D9%85%D8%AF%D9%8A%D9%86%D8%A9-%D8%A7%D9%84%D8%B1%D9%8A%D8%A7%D8%B6-%D9%85%D9%86%D8%B7%D9%82%D8%A9-%D8%A7%D9%84%D8%B1%D9%8A%D8%A7%D8%B6-6268501,"80,000",148,3,3
https://sa.aqar.fmhttps://sa.aqar.fm/%D8%B4%D9%82%D9%82-%D9%84%D9%84%D8%A5%D9%8A%D8%AC%D8%A7%D8%B1/%D8%A7%D9%84%D8%B1%D9%8A%D8%A7%D8%B6/%D8%B4%D9%85%D8%A7%D9%84-%D8%A7%D9%84%D8%B1%D9%8A%D8%A7%D8%B6/%D8%AD%D9%8A-%D8%A7%D9%84%D9%86%D8%B1%D8%AC%D8%B3/%D8%B4%D8%A7%D8%B1%D8%B9-%D8%A7%D9%84%D8%AD%D8%A7%D8%B1%D8%AB-%D8%A8%D9%86-%D8%B9%D8%A8%D8%AF%D8%A7%D9%84%D8%B1%D8%AD%D9%85%D9%86-%D8%AD%D9%8A-%D8%A7%D9%84%D9%86%D8%B1%D8%AC%D8%B3-%D9%85%D8%AF%D9%8A%D9%86%D8%A9-%D8%A7%D9%84%D8%B1%D9%8A%D8%A7%D8%B6-%D9%85%D9%86%D8%B7%D9%82%D8%A9-%D8%A7%D9%84%D8%B1%D9%8A%D8%A7%D8%B6-6270609,"90,000",167,3,3
https://sa.aqar.fmhttps://sa.aqar.fm/%D8%B4%D9%82%D9%82-%D9%84%D9%84%D8%A5%D9%8A%D8%AC%D8%A7%D8%B1/%D8%A7%D9%84%D8%B1%D9%8A%D8%A7%D8%B6/%D8%B4%D9%85%D8%A7%D9%84-%D8%A7%D9%84%D8%B1%D9%8A%D8%A7%D8%B6/%D8%AD%D9%8A-%D8%A7%D9%84%D9%86%D8%B1%D8%AC%D8%B3/%D8%B4%D8%A7%D8%B1%D8%B9-%D8%AE%D8%A7%D9%84%D8%AF-%D8%A8%D9%86-%D8%A7%D9%84%D8%B9%D8%A7%D8%B5-%D8%AD%D9%8A-%D8%A7%D9%84%D9%86%D8%B1%D8%AC%D8%B3-%D9%85%D8%AF%D9%8A%D9%86%D8%A9-%D8%A7%D9%84%D8%B1%D9%8A%D8%A7%D8%B6-%D9%85%D9%86%D8%B7%D9%82%D8%A9-%D8%A7%D9%84%D8%B1%D9%8A%D8%A7%D8%B6-6239819,"69,000",122,3,3
https://sa.aqar.fmhttps://sa.aqar.fm/%D8%B4%D9%82%D9%82-%D9%84%D9%84%D8%A5%D9%8A%D8%AC%D8%A7%D8%B1/%D8%A7%D9%84%D8%B1%D9%8A%D8%A7%D8%B6/%D8%B4%D9%85%D8%A7%D9%84-%D8%A7%D9%84%D8%B1%D9%8A%D8%A7%D8%B6/%D8%AD%D9%8A-%D8%A7%D9%84%D9%86%D8%B1%D8%AC%D8%B3/%D8%B4%D8%A7%D8%B1%D8%B9-%D8%A7%D9%84%D9%82%D8%B5%D8%B1-%D8%AD%D9%8A-%D8%A7%D9%84%D9%86%D8%B1%D8%AC%D8%B3-%D9%85%D8%AF%D9%8A%D9%86%D8%A9-%D8%A7%D9%84%D8%B1%D9%8A%D8%A7%D8%B6-%D9%85%D9%86%D8%B7%D9%82%D8%A9-%D8%A7%D9%84%D8%B1%D9%8A%D8%A7%D8%B6-6280267,"65,000",145,3,3
https://sa.aqar.fmhttps://sa.aqar.fm/%D8%B4%D9%82%D9%82-%D9%84%D9%84%D8%A5%D9%8A%D8%AC%D8%A7%D8%B1/%D8%A7%D9%84%D8%B1%D9%8A%D8%A7%D8%B6/%D8%B4%D9%85%D8%A7%D9%84-%D8%A7%D9%84%D8%B1%D9%8A%D8%A7%D8%B6/%D8%AD%D9%8A-%D8%A7%D9%84%D9%86%D8%B1%D8%AC%D8%B3/%D8%B4%D8%A7%D8%B1%D8%B9-%D8%B2%D9%8A%D8%AF-%D8%A8%D9%86-%D8%B9%D8%A7%D8%B5%D9%85-%D8%A8%D9%86-%D8%B9%D9%85%D8%B1%D9%88-%D8%A8%D9%86-%D8%B9%D9%88%D9%81-%D8%AD%D9%8A-%D8%A7%D9%84%D9%86%D8%B1%D8%AC%D8%B3-%D9%85%D8%AF%D9%8A%D9%86%D8%A9-%D8%A7%D9%84%D8%B1%D9%8A%D8%A7%D8%B6-%D9%85%D9%86%D8%B7%D9%82%D8%A9-%D8%A7%D9%84%D8%B1%D9%8A%D8%A7%D8%B6-6275813,"70,000",110,3,
https://sa.aqar.fmhttps://sa.aqar.fm/%D8%B4%D9%82%D9%82-%D9%84%D9%84%D8%A5%D9%8A%D8%AC%D8%A7%D8%B1/%D8%A7%D9%84%D8%B1%D9%8A%D8%A7%D8%B6/%D8%B4%D9%85%D8%A7%D9%84-%D8%A7%D9%84%D8%B1%D9%8A%D8%A7%D8%B6/%D8%AD%D9%8A-%D8%A7%D9%84%D9%86%D8%B1%D8%AC%D8%B3/%D8%B4%D8%A7%D8%B1%D8%B9-%D8%A7%D9%84%D8%B7%D8%A8%D9%8A%D8%B9%D8%A9-%D8%AD%D9%8A-%D8%A7%D9%84%D9%86%D8%B1%D8%AC%D8%B3-%D9%85%D8%AF%D9%8A%D9%86%D8%A9-%D8%A7%D9%84%D8%B1%D9%8A%D8%A7%D8%B6-%D9%85%D9%86%D8%B7%D9%82%D8%A9-%D8%A7%D9%84%D8%B1%D9%8A%D8%A7%D8%B6-6196555,"75,000",136,3,3
https://sa.aqar.fmhttps://sa.aqar.fm/%D8%B4%D9%82%D9%82-%D9%84%D9%84%D8%A5%D9%8A%D8%AC%D8%A7%D8%B1/%D8%A7%D9%84%D8%B1%D9%8A%D8%A7%D8%B6/%D8%B4%D9%85%D8%A7%D9%84-%D8%A7%D9%84%D8%B1%D9%8A%D8%A7%D8%B6/%D8%AD%D9%8A-%D8%A7%D9%84%D9%86%D8%B1%D8%AC%D8%B3/%D8%B4%D8%A7%D8%B1%D8%B9-%D8%B2%D9%8A%D8%AF-%D8%A8%D9%86-%D8%B9%D8%A7%D8%B5%D9%85-%D8%A8%D9%86-%D8%B9%D9%85%D8%B1%D9%88-%D8%A8%D9%86-%D8%B9%D9%88%D9%81-%D8%AD%D9%8A-%D8%A7%D9%84%D9%86%D8%B1%D8%AC%D8%B3-%D9%85%D8%AF%D9%8A%D9%86%D8%A9-%D8%A7%D9%84%D8%B1%D9%8A%D8%A7%D8%B6-%D9%85%D9%86%D8%B7%D9%82%D8%A9-%D8%A7%D9%84%D8%B1%D9%8A%D8%A7%D8%B6-6281737,"65,000",108,3,3
https://sa.aqar.fmhttps://sa.aqar.fm/%D8%B4%D9%82%D9%82-%D9%84%D9%84%D8%A5%D9%8A%D8%AC%D8%A7%D8%B1/%D8%A7%D9%84%D8%B1%D9%8A%D8%A7%D8%B6/%D8%B4%D9%85%D8%A7%D9%84-%D8%A7%D9%84%D8%B1%D9%8A%D8%A7%D8%B6/%D8%AD%D9%8A-%D8%A7%D9%84%D9%86%D8%B1%D8%AC%D8%B3/%D8%B4%D8%A7%D8%B1%D8%B9-%D8%B1%D9%82%D9%85-207-%D8%AD%D9%8A-%D8%A7%D9%84%D9%86%D8%B1%D8%AC%D8%B3-%D9%85%D8%AF%D9%8A%D9%86%D8%A9-%D8%A7%D9%84%D8%B1%D9%8A%D8%A7%D8%B6-%D9%85%D9%86%D8%B7%D9%82%D8%A9-%D8%A7%D9%84%D8%B1%D9%8A%D8%A7%D8%B6-6275651,"41,000",375,3,2
https://sa.aqar.fmhttps://sa.aqar.fm/%D8%B4%D9%82%D9%82-%D9%84%D9%84%D8%A5%D9%8A%D8%AC%D8%A7%D8%B1/%D8%A7%D9%84%D8%B1%D9%8A%D8%A7%D8%B6/%D8%B4%D9%85%D8%A7%D9%84-%D8%A7%D9%84%D8%B1%D9%8A%D8%A7%D8%B6/%D8%AD%D9%8A-%D8%A7%D9%84%D9%86%D8%B1%D8%AC%D8%B3/%D8%B4%D8%A7%D8%B1%D8%B9-%D8%B1%D9%82%D9%85-490-%D8%AD%D9%8A-%D8%A7%D9%84%D9%86%D8%B1%D8%AC%D8%B3-%D9%85%D8%AF%D9%8A%D9%86%D8%A9-%D8%A7%D9%84%D8%B1%D9%8A%D8%A7%D8%B6-%D9%85%D9%86%D8%B7%D9%82%D8%A9-%D8%A7%D9%84%D8%B1%D9%8A%D8%A7%D8%B6-6273153,"45,000",300,3,2
https://sa.aqar.fmhttps://sa.aqar.fm/%D8%B4%D9%82%D9%82-%D9%84%D9%84%D8%A5%D9%8A%D8%AC%D8%A7%D8%B1/%D8%A7%D9%84%D8%B1%D9%8A%D8%A7%D8%B6/%D8%B4%D9%85%D8%A7%D9%84-%D8%A7%D9%84%D8%B1%D9%8A%D8%A7%D8%B6/%D8%AD%D9%8A-%D8%A7%D9%84%D9%86%D8%B1%D8%AC%D8%B3/%D8%B4%D8%A7%D8%B1%D8%B9-%D8%B1%D9%82%D9%85-346-%D8%AD%D9%8A-%D8%A7%D9%84%D9%86%D8%B1%D8%AC%D8%B3-%D9%85%D8%AF%D9%8A%D9%86%D8%A9-%D8%A7%D9%84%D8%B1%D9%8A%D8%A7%D8%B6-%D9%85%D9%86%D8%B7%D9%82%D8%A9-%D8%A7%D9%84%D8%B1%D9%8A%D8%A7%D8%B6-6256532,"65,000",625,3,3
https://sa.aqar.fmhttps://sa.aqar.fm/%D8%B4%D9%82%D9%82-%D9%84%D9%84%D8%A5%D9%8A%D8%AC%D8%A7%D8%B1/%D8%A7%D9%84%D8%B1%D9%8A%D8%A7%D8%B6/%D8%B4%D9%85%D8%A7%D9%84-%D8%A7%D9%84%D8%B1%D9%8A%D8%A7%D8%B6/%D8%AD%D9%8A-%D8%A7%D9%84%D9%86%D8%B1%D8%AC%D8%B3/%D8%B4%D8%A7%D8%B1%D8%B9-%D8%B4%D8%A7%D8%B1%D8%B9-%D8%B1%D9%82%D9%85-240-%D8%AD%D9%8A-%D8%A7%D9%84%D9%86%D8%B1%D8%AC%D8%B3-%D9%85%D8%AF%D9%8A%D9%86%D8%A9-%D8%A7%D9%84%D8%B1%D9%8A%D8%A7%D8%B6-%D9%85%D9%86%D8%B7%D9%82%D8%A9-%D8%A7%D9%84%D8%B1%D9%8A%D8%A7%D8%B6-6098553,"50,000",450,3,2
https://sa.aqar.fmhttps://sa.aqar.fm/%D8%B4%D9%82%D9%82-%D9%84%D9%84%D8%A5%D9%8A%D8%AC%D8%A7%D8%B1/%D8%A7%D9%84%D8%B1%D9%8A%D8%A7%D8%B6/%D8%B4%D9%85%D8%A7%D9%84-%D8%A7%D9%84%D8%B1%D9%8A%D8%A7%D8%B6/%D8%AD%D9%8A-%D8%A7%D9%84%D9%86%D8%B1%D8%AC%D8%B3/%D8%B4%D8%A7%D8%B1%D8%B9-%D8%B1%D9%82%D9%85-559-%D8%AD%D9%8A-%D8%A7%D9%84%D9%86%D8%B1%D8%AC%D8%B3-%D9%85%D8%AF%D9%8A%D9%86%D8%A9-%D8%A7%D9%84%D8%B1%D9%8A%D8%A7%D8%B6-%D9%85%D9%86%D8%B7%D9%82%D8%A9-%D8%A7%D9%84%D8%B1%D9%8A%D8%A7%D8%B6-6201382,"55,000",450,3,2
https://sa.aqar.fmhttps://sa.aqar.fm/%D8%B4%D9%82%D9%82-%D9%84%D9%84%D8%A5%D9%8A%D8%AC%D8%A7%D8%B1/%D8%A7%D9%84%D8%B1%D9%8A%D8%A7%D8%B6/%D8%B4%D9%85%D8%A7%D9%84-%D8%A7%D9%84%D8%B1%D9%8A%D8%A7%D8%B6/%D8%AD%D9%8A-%D8%A7%D9%84%D9%86%D8%B1%D8%AC%D8%B3/%D8%B4%D8%A7%D8%B1%D8%B9-%D8%B9%D8%B3%D9%81%D8%A7%D9%86-%D8%AD%D9%8A-%D8%A7%D9%84%D9%86%D8%B1%D8%AC%D8%B3-%D9%85%D8%AF%D9%8A%D9%86%D8%A9-%D8%A7%D9%84%D8%B1%D9%8A%D8%A7%D8%B6-%D9%85%D9%86%D8%B7%D9%82%D8%A9-%D8%A7%D9%84%D8%B1%D9%8A%D8%A7%D8%B6-6249559,"55,000",1268,3,2
https://sa.aqar.fmhttps://sa.aqar.fm/%D8%B4%D9%82%D9%82-%D9%84%D9%84%D8%A5%D9%8A%D8%AC%D8%A7%D8%B1/%D8%A7%D9%84%D8%B1%D9%8A%D8%A7%D8%B6/%D8%B4%D9%85%D8%A7%D9%84-%D8%A7%D9%84%D8%B1%D9%8A%D8%A7%D8%B6/%D8%AD%D9%8A-%D8%A7%D9%84%D9%86%D8%B1%D8%AC%D8%B3/%D8%B4%D8%A7%D8%B1%D8%B9-%D8%B1%D9%82%D9%85-559-%D8%AD%D9%8A-%D8%A7%D9%84%D9%86%D8%B1%D8%AC%D8%B3-%D9%85%D8%AF%D9%8A%D9%86%D8%A9-%D8%A7%D9%84%D8%B1%D9%8A%D8%A7%D8%B6-%D9%85%D9%86%D8%B7%D9%82%D8%A9-%D8%A7%D9%84%D8%B1%D9%8A%D8%A7%D8%B6-6269463,"50,000",450,3,2
https://sa.aqar.fmhttps://sa.aqar.fm/%D8%B4%D9%82%D9%82-%D9%84%D9%84%D8%A5%D9%8A%D8%AC%D8%A7%D8%B1/%D8%A7%D9%84%D8%B1%D9%8A%D8%A7%D8%B6/%D8%B4%D9%85%D8%A7%D9%84-%D8%A7%D9%84%D8%B1%D9%8A%D8%A7%D8%B6/%D8%AD%D9%8A-%D8%A7%D9%84%D9%86%D8%B1%D8%AC%D8%B3/%D8%B4%D8%A7%D8%B1%D8%B9-%D8%B1%D9%82%D9%85-518-%D8%AD%D9%8A-%D8%A7%D9%84%D9%86%D8%B1%D8%AC%D8%B3-%D9%85%D8%AF%D9%8A%D9%86%D8%A9-%D8%A7%D9%84%D8%B1%D9%8A%D8%A7%D8%B6-%D9%85%D9%86%D8%B7%D9%82%D8%A9-%D8%A7%D9%84%D8%B1%D9%8A%D8%A7%D8%B6-6278716,"45,000",363,3,2
https://sa.aqar.fmhttps://sa.aqar.fm/%D8%B4%D9%82%D9%82-%D9%84%D9%84%D8%A5%D9%8A%D8%AC%D8%A7%D8%B1/%D8%A7%D9%84%D8%B1%D9%8A%D8%A7%D8%B6/%D8%B4%D9%85%D8%A7%D9%84-%D8%A7%D9%84%D8%B1%D9%8A%D8%A7%D8%B6/%D8%AD%D9%8A-%D8%A7%D9%84%D9%86%D8%B1%D8%AC%D8%B3/%D8%B4%D8%A7%D8%B1%D8%B9-%D8%B1%D9%82%D9%85-376-%D8%AD%D9%8A-%D8%A7%D9%84%D9%86%D8%B1%D8%AC%D8%B3-%D9%85%D8%AF%D9%8A%D9%86%D8%A9-%D8%A7%D9%84%D8%B1%D9%8A%D8%A7%D8%B6-%D9%85%D9%86%D8%B7%D9%82%D8%A9-%D8%A7%D9%84%D8%B1%D9%8A%D8%A7%D8%B6-6283047,"40,000",360,3,3
https://sa.aqar.fmhttps://sa.aqar.fm/%D8%B4%D9%82%D9%82-%D9%84%D9%84%D8%A5%D9%8A%D8%AC%D8%A7%D8%B1/%D8%A7%D9%84%D8%B1%D9%8A%D8%A7%D8%B6/%D8%B4%D9%85%D8%A7%D9%84-%D8%A7%D9%84%D8%B1%D9%8A%D8%A7%D8%B6/%D8%AD%D9%8A-%D8%A7%D9%84%D9%86%D8%B1%D8%AC%D8%B3/%D8%B4%D8%A7%D8%B1%D8%B9-%D8%B1%D9%82%D9%85-260-%D8%AD%D9%8A-%D8%A7%D9%84%D9%86%D8%B1%D8%AC%D8%B3-%D9%85%D8%AF%D9%8A%D9%86%D8%A9-%D8%A7%D9%84%D8%B1%D9%8A%D8%A7%D8%B6-%D9%85%D9%86%D8%B7%D9%82%D8%A9-%D8%A7%D9%84%D8%B1%D9%8A%D8%A7%D8%B6-6282981,"40,000",540,3,2
https://sa.aqar.fmhttps://sa.aqar.fm/%D8%B4%D9%82%D9%82-%D9%84%D9%84%D8%A5%D9%8A%D8%AC%D8%A7%D8%B1/%D8%A7%D9%84%D8%B1%D9%8A%D8%A7%D8%B6/%D8%B4%D9%85%D8%A7%D9%84-%D8%A7%D9%84%D8%B1%D9%8A%D8%A7%D8%B6/%D8%AD%D9%8A-%D8%A7%D9%84%D9%86%D8%B1%D8%AC%D8%B3/%D8%B4%D8%A7%D8%B1%D8%B9-%D8%A7%D9%84%D8%A7%D8%B2%D9%87%D8%A7%D8%B1-%D8%AD%D9%8A-%D8%A7%D9%84%D9%86%D8%B1%D8%AC%D8%B3-%D9%85%D8%AF%D9%8A%D9%86%D8%A9-%D8%A7%D9%84%D8%B1%D9%8A%D8%A7%D8%B6-%D9%85%D9%86%D8%B7%D9%82%D8%A9-%D8%A7%D9%84%D8%B1%D9%8A%D8%A7%D8%B6-6151803,"85,000",128,3,3
https://sa.aqar.fmhttps://sa.aqar.fm/%D8%B4%D9%82%D9%82-%D9%84%D9%84%D8%A5%D9%8A%D8%AC%D8%A7%D8%B1/%D8%A7%D9%84%D8%B1%D9%8A%D8%A7%D8%B6/%D8%B4%D9%85%D8%A7%D9%84-%D8%A7%D9%84%D8%B1%D9%8A%D8%A7%D8%B6/%D8%AD%D9%8A-%D8%A7%D9%84%D9%86%D8%B1%D8%AC%D8%B3/%D8%B4%D8%A7%D8%B1%D8%B9-%D8%A7%D9%84%D8%A7%D8%B2%D9%87%D8%A7%D8%B1-%D8%AD%D9%8A-%D8%A7%D9%84%D9%86%D8%B1%D8%AC%D8%B3-%D9%85%D8%AF%D9%8A%D9%86%D8%A9-%D8%A7%D9%84%D8%B1%D9%8A%D8%A7%D8%B6-%D9%85%D9%86%D8%B7%D9%82%D8%A9-%D8%A7%D9%84%D8%B1%D9%8A%D8%A7%D8%B6-6151792,"80,000",128,3,3
https://sa.aqar.fmhttps://sa.aqar.fm/%D8%B4%D9%82%D9%82-%D9%84%D9%84%D8%A5%D9%8A%D8%AC%D8%A7%D8%B1/%D8%A7%D9%84%D8%B1%D9%8A%D8%A7%D8%B6/%D8%B4%D9%85%D8%A7%D9%84-%D8%A7%D9%84%D8%B1%D9%8A%D8%A7%D8%B6/%D8%AD%D9%8A-%D8%A7%D9%84%D9%86%D8%B1%D8%AC%D8%B3/%D8%B4%D8%A7%D8%B1%D8%B9-%D8%AE%D8%A7%D9%84%D8%AF-%D8%A8%D9%86-%D8%A7%D9%84%D8%B9%D8%A7%D8%B5-%D8%AD%D9%8A-%D8%A7%D9%84%D9%86%D8%B1%D8%AC%D8%B3-%D9%85%D8%AF%D9%8A%D9%86%D8%A9-%D8%A7%D9%84%D8%B1%D9%8A%D8%A7%D8%B6-%D9%85%D9%86%D8%B7%D9%82%D8%A9-%D8%A7%D9%84%D8%B1%D9%8A%D8%A7%D8%B6-6281753,"78,000",157,3,3
https://sa.aqar.fmhttps://sa.aqar.fm/%D8%B4%D9%82%D9%82-%D9%84%D9%84%D8%A5%D9%8A%D8%AC%D8%A7%D8%B1/%D8%A7%D9%84%D8%B1%D9%8A%D8%A7%D8%B6/%D8%B4%D9%85%D8%A7%D9%84-%D8%A7%D9%84%D8%B1%D9%8A%D8%A7%D8%B6/%D8%AD%D9%8A-%D8%A7%D9%84%D9%86%D8%B1%D8%AC%D8%B3/%D8%B4%D8%A7%D8%B1%D8%B9-%D8%AE%D8%A7%D9%84%D8%AF-%D8%A8%D9%86-%D8%A7%D9%84%D8%B9%D8%A7%D8%B5-%D8%AD%D9%8A-%D8%A7%D9%84%D9%86%D8%B1%D8%AC%D8%B3-%D9%85%D8%AF%D9%8A%D9%86%D8%A9-%D8%A7%D9%84%D8%B1%D9%8A%D8%A7%D8%B6-%D9%85%D9%86%D8%B7%D9%82%D8%A9-%D8%A7%D9%84%D8%B1%D9%8A%D8%A7%D8%B6-6273728,"70,000",157,3,
https://sa.aqar.fmhttps://sa.aqar.fm/%D8%B4%D9%82%D9%82-%D9%84%D9%84%D8%A5%D9%8A%D8%AC%D8%A7%D8%B1/%D8%A7%D9%84%D8%B1%D9%8A%D8%A7%D8%B6/%D8%B4%D9%85%D8%A7%D9%84-%D8%A7%D9%84%D8%B1%D9%8A%D8%A7%D8%B6/%D8%AD%D9%8A-%D8%A7%D9%84%D9%86%D8%B1%D8%AC%D8%B3/%D8%B4%D8%A7%D8%B1%D8%B9-%D8%A7%D8%A8%D9%86-%D8%A7%D9%84%D8%B1%D8%B3%D8%A7%D9%85-%D8%AD%D9%8A-%D8%A7%D9%84%D9%86%D8%B1%D8%AC%D8%B3-%D9%85%D8%AF%D9%8A%D9%86%D8%A9-%D8%A7%D9%84%D8%B1%D9%8A%D8%A7%D8%B6-%D9%85%D9%86%D8%B7%D9%82%D8%A9-%D8%A7%D9%84%D8%B1%D9%8A%D8%A7%D8%B6-6281045,"40,000",360,3,3
https://sa.aqar.fmhttps://sa.aqar.fm/%D8%B4%D9%82%D9%82-%D9%84%D9%84%D8%A5%D9%8A%D8%AC%D8%A7%D8%B1/%D8%A7%D9%84%D8%B1%D9%8A%D8%A7%D8%B6/%D8%B4%D9%85%D8%A7%D9%84-%D8%A7%D9%84%D8%B1%D9%8A%D8%A7%D8%B6/%D8%AD%D9%8A-%D8%A7%D9%84%D9%86%D8%B1%D8%AC%D8%B3/%D8%B4%D8%A7%D8%B1%D8%B9-%D8%AE%D8%A7%D9%84%D8%AF-%D8%A8%D9%86-%D8%A7%D9%84%D8%B9%D8%A7%D8%B5-%D8%AD%D9%8A-%D8%A7%D9%84%D9%86%D8%B1%D8%AC%D8%B3-%D9%85%D8%AF%D9%8A%D9%86%D8%A9-%D8%A7%D9%84%D8%B1%D9%8A%D8%A7%D8%B6-%D9%85%D9%86%D8%B7%D9%82%D8%A9-%D8%A7%D9%84%D8%B1%D9%8A%D8%A7%D8%B6-6255999,"78,000",162,3,3
https://sa.aqar.fmhttps://sa.aqar.fm/%D8%B4%D9%82%D9%82-%D9%84%D9%84%D8%A5%D9%8A%D8%AC%D8%A7%D8%B1/%D8%A7%D9%84%D8%B1%D9%8A%D8%A7%D8%B6/%D8%B4%D9%85%D8%A7%D9%84-%D8%A7%D9%84%D8%B1%D9%8A%D8%A7%D8%B6/%D8%AD%D9%8A-%D8%A7%D9%84%D9%86%D8%B1%D8%AC%D8%B3/%D8%B4%D8%A7%D8%B1%D8%B9-%D8%AE%D8%A7%D9%84%D8%AF-%D8%A8%D9%86-%D8%A7%D9%84%D8%B9%D8%A7%D8%B5-%D8%AD%D9%8A-%D8%A7%D9%84%D9%86%D8%B1%D8%AC%D8%B3-%D9%85%D8%AF%D9%8A%D9%86%D8%A9-%D8%A7%D9%84%D8%B1%D9%8A%D8%A7%D8%B6-%D9%85%D9%86%D8%B7%D9%82%D8%A9-%D8%A7%D9%84%D8%B1%D9%8A%D8%A7%D8%B6-6256016,"78,000",145,3,3
https://sa.aqar.fmhttps://sa.aqar.fm/%D8%B4%D9%82%D9%82-%D9%84%D9%84%D8%A5%D9%8A%D8%AC%D8%A7%D8%B1/%D8%A7%D9%84%D8%B1%D9%8A%D8%A7%D8%B6/%D8%B4%D9%85%D8%A7%D9%84-%D8%A7%D9%84%D8%B1%D9%8A%D8%A7%D8%B6/%D8%AD%D9%8A-%D8%A7%D9%84%D9%86%D8%B1%D8%AC%D8%B3/%D8%B4%D8%A7%D8%B1%D8%B9-%D8%A7%D8%A8%D9%8A-%D8%B7%D8%A7%D9%87%D8%B1-%D8%A7%D8%B3%D9%85%D8%A7%D8%B9%D9%8A%D9%84-%D8%A7%D9%84%D8%AC%D9%8A%D8%B7%D8%A7%D9%84%D9%8A-%D8%AD%D9%8A-%D8%A7%D9%84%D9%86%D8%B1%D8%AC%D8%B3-%D9%85%D8%AF%D9%8A%D9%86%D8%A9-%D8%A7%D9%84%D8%B1%D9%8A%D8%A7%D8%B6-%D9%85%D9%86%D8%B7%D9%82%D8%A9-%D8%A7%D9%84%D8%B1%D9%8A%D8%A7%D8%B6-6142696,"75,000",112,3,3
https://sa.aqar.fmhttps://sa.aqar.fm/%D8%B4%D9%82%D9%82-%D9%84%D9%84%D8%A5%D9%8A%D8%AC%D8%A7%D8%B1/%D8%A7%D9%84%D8%B1%D9%8A%D8%A7%D8%B6/%D8%B4%D9%85%D8%A7%D9%84-%D8%A7%D9%84%D8%B1%D9%8A%D8%A7%D8%B6/%D8%AD%D9%8A-%D8%A7%D9%84%D9%86%D8%B1%D8%AC%D8%B3/%D8%B4%D8%A7%D8%B1%D8%B9-%D8%AE%D8%A7%D9%84%D8%AF-%D8%A8%D9%86-%D8%A7%D9%84%D8%B9%D8%A7%D8%B5-%D8%AD%D9%8A-%D8%A7%D9%84%D9%86%D8%B1%D8%AC%D8%B3-%D9%85%D8%AF%D9%8A%D9%86%D8%A9-%D8%A7%D9%84%D8%B1%D9%8A%D8%A7%D8%B6-%D9%85%D9%86%D8%B7%D9%82%D8%A9-%D8%A7%D9%84%D8%B1%D9%8A%D8%A7%D8%B6-6267517,"75,000",125,3,3
https://sa.aqar.fmhttps://sa.aqar.fm/%D8%B4%D9%82%D9%82-%D9%84%D9%84%D8%A5%D9%8A%D8%AC%D8%A7%D8%B1/%D8%A7%D9%84%D8%B1%D9%8A%D8%A7%D8%B6/%D8%B4%D9%85%D8%A7%D9%84-%D8%A7%D9%84%D8%B1%D9%8A%D8%A7%D8%B6/%D8%AD%D9%8A-%D8%A7%D9%84%D9%86%D8%B1%D8%AC%D8%B3/%D8%B4%D8%A7%D8%B1%D8%B9-%D8%AE%D8%A7%D9%84%D8%AF-%D8%A8%D9%86-%D8%A7%D9%84%D8%B9%D8%A7%D8%B5-%D8%AD%D9%8A-%D8%A7%D9%84%D9%86%D8%B1%D8%AC%D8%B3-%D9%85%D8%AF%D9%8A%D9%86%D8%A9-%D8%A7%D9%84%D8%B1%D9%8A%D8%A7%D8%B6-%D9%85%D9%86%D8%B7%D9%82%D8%A9-%D8%A7%D9%84%D8%B1%D9%8A%D8%A7%D8%B6-6267550,"70,000",145,3,3
https://sa.aqar.fmhttps://sa.aqar.fm/%D8%B4%D9%82%D9%82-%D9%84%D9%84%D8%A5%D9%8A%D8%AC%D8%A7%D8%B1/%D8%A7%D9%84%D8%B1%D9%8A%D8%A7%D8%B6/%D8%B4%D9%85%D8%A7%D9%84-%D8%A7%D9%84%D8%B1%D9%8A%D8%A7%D8%B6/%D8%AD%D9%8A-%D8%A7%D9%84%D9%86%D8%B1%D8%AC%D8%B3/%D8%B4%D8%A7%D8%B1%D8%B9-%D8%AE%D8%A7%D9%84%D8%AF-%D8%A8%D9%86-%D8%A7%D9%84%D8%B9%D8%A7%D8%B5-%D8%AD%D9%8A-%D8%A7%D9%84%D9%86%D8%B1%D8%AC%D8%B3-%D9%85%D8%AF%D9%8A%D9%86%D8%A9-%D8%A7%D9%84%D8%B1%D9%8A%D8%A7%D8%B6-%D9%85%D9%86%D8%B7%D9%82%D8%A9-%D8%A7%D9%84%D8%B1%D9%8A%D8%A7%D8%B6-6267564,"70,000",145,3,3
